words,stem
프론트엔드,프론트엔드
프론트,프론트엔드
프론트 엔드,프론트엔드
fe,프론트엔드
frontend,프론트엔드
front end,프론트엔드
front-end,프론트엔드
백엔드,백엔드
백,백엔드
백 엔드,백엔드
be,백엔드
backend,백엔드
back-end,백엔드
웹,웹
웹개발,웹
앱,앱
앱개발,앱
ios,ios
android,안드로이드
안드로이드,안드로이드
기획,기획
서버,백엔드
api,api
ux,프론트엔드
ui,프론트엔드
design,디자이너
디자이너,디자이너
포토샵,포토샵
photoshop,포토샵
ai,ai
인공지능,ai
자연어처리,자연어처리
nlp,자연어처리
컴퓨터비전,컴퓨터비전
cv,컴퓨터비전
tts,tts
챗봇,자연어처리
tensorflow,tensorflow
텐서플로우,tensorflow
pytorch,pytorch
파이토치,pytorch
scikit,사이킷런
사이킷런,사이킷런
빅데이터,데이터분석
데이터,데이터분석
데이터분석,데이터분석
pm,pm
publisher,퍼블리셔
퍼블리셔,퍼블리셔
nft,nft
암호화폐,암호화폐
블록체인,블록체인
blockchain,블록체인
크롤링,크롤링
crawling,크롤링
flutter,flutter
플러터,flutter
javascript,javascript
자바스크립트,javascript
css,css
css3,css
html,html
html5,html
jquery,jquery
jsp,jsp
mybatis,mybatis
typescript,typescript
타입스크립트,typescript
react,react
리액트,react
vue,vue
뷰,vue
nextjs,nextjs
nodejs,nodejs
노드제이에스,nodejs
java,java
자바,java
spring,spring
스프링,spring
spring boot,spring boot
스프링부트,spring boot
부트,부트
jpa,jpa
go,go
nestjs,nestjs
kotlin,kotlin
코틀린,kotlin
express,express
mysql,mysql
mongodb,mongodb
몽고디비,mongodb
python,python
파이썬,python
django,django
장고,django
php,php
graphql,graphql
firebase,firebase
파이어베이스,firebase
swift,swift
스위프트,swift
react native,react native
리액트네이티브,react native
unity,unity
유니티,unity
aws,aws
ec2,ec2
kubernetes,kubernetes
쿠버네티스,kubernetes
docker,docker
도커,docker
git,git
깃,git
github,github
깃허브,github
figma,figma
피그마,figma
zeplin,zeplin
제플린,zeplin
jest,jest
제스트,jest
flask,flask
플라스크,flask
nest.js,nestjs
next.js,nextjs
node.js,nodejs
반응형웹,반응형
반응형 웹,반응형
적응형웹,적응형
적응형 웹,적응형
